,Premium,Size,Risk free,,,Value,Momentum
,Mkt-RF,SMB,RF,ST REVERSAL,LT REVERSAL,HML,MOM
192607,2.96,-2.56,0.22,-1.87,,-2.43,
192608,2.64,-1.17,0.25,1.43,,3.82,
192609,0.36,-1.4,0.23,-0.17,,0.13,
192610,-3.24,-0.09,0.32,-2.11,,0.7,
192611,2.53,-0.1,0.31,1,,-0.51,
192612,2.62,-0.03,0.28,2.01,,-0.05,
192701,-0.06,-0.37,0.25,-1.98,,4.54,0.36
192702,4.18,0.04,0.26,-1.22,,2.94,-2.14
192703,0.13,-1.65,0.3,-3.44,,-2.61,3.61
192704,0.46,0.3,0.25,-3.56,,0.81,4.3
192705,5.44,1.53,0.3,-0.87,,4.73,3
192706,-2.34,0.59,0.26,-0.66,,-1.73,0.6
192707,7.26,-3.25,0.3,-0.89,,-1.14,4.31
192708,1.97,-0.69,0.28,-1.18,,-3.74,1.36
192709,4.76,-3.63,0.21,-1.05,,-0.63,1.98
192710,-4.31,2.12,0.25,-2.84,,-4.33,-0.87
192711,6.58,2.72,0.21,4.52,,-0.27,-0.51
192712,2.09,0.97,0.22,-0.16,,-1.13,3.21
192801,-0.68,4.26,0.25,0.72,,-0.75,-0.52
192802,-1.7,-2.06,0.33,0.07,,-0.65,-1.09
192803,8.81,-0.26,0.29,-5.82,,-1.22,4.7
192804,4.23,3.98,0.22,-0.52,,3.44,-4.41
192805,1.52,2.85,0.32,3.34,,-3.27,3.02
192806,-4.85,-3.52,0.31,1,,-0.03,2.04
192807,0.62,-1.32,0.32,-1.66,,-0.5,2.65
192808,6.68,-2.06,0.32,0.14,,-2.15,3.54
192809,2.88,2.41,0.27,-0.47,,0.86,3.45
192810,1.33,2.22,0.41,-2.38,,-2.16,5.1
192811,11.81,-1.78,0.38,-1.74,,2.7,2.09
192812,0.36,-0.86,0.06,-1.4,,-0.65,1.54
192901,4.66,-3.56,0.34,-6.69,,-1.24,2.45
192902,-0.34,-0.38,0.36,0.14,,1.66,3.05
192903,-0.89,-4.71,0.34,-2.71,,1.58,-0.64
192904,1.43,-0.97,0.36,0.84,,0.59,1.91
192905,-6.39,-5.37,0.44,-2.13,,-1.42,-2.04
192906,9.7,-2.17,0.52,1.31,,-2.79,8.6
192907,4.46,-3.88,0.33,-1.5,,2.71,2.96
192908,8.18,-9.59,0.4,-2.01,,0.13,4.7
192909,-5.47,1.19,0.35,1.88,,-0.65,2.97
192910,-20.12,-4.01,0.46,-2.18,,7.78,4.1
192911,-12.74,-1.72,0.37,-8,,5.05,-2.39
192912,1.33,-4.5,0.37,1.36,,-0.54,5.19
193001,5.61,3.55,0.14,5.28,,-0.96,-5.16
193002,2.5,0.19,0.3,0.05,,0.2,0.62
193003,7.1,3.41,0.35,2.07,,0.33,-4.42
193004,-2.06,-0.35,0.21,-0.33,,-0.35,3.98
193005,-1.66,-2.01,0.26,3.42,,-0.73,0.05
193006,-16.27,-3.38,0.27,-6.4,,2.33,6.64
193007,4.12,-0.28,0.2,5.89,,-1.75,-2.19
193008,0.3,-2.1,0.09,2.25,,-0.61,3.95
193009,-12.75,-2.21,0.22,-3.68,,-4.96,11.48
193010,-8.78,-0.12,0.09,-3.69,,-1.38,6.86
193011,-3.04,2.23,0.13,1.94,,-3.66,-1.46
193012,-7.83,-4.6,0.14,-2.25,,-5.25,13.32
193101,6.24,3.45,0.15,16.6,1.11,7.12,-11.07
193102,10.88,3.59,0.04,-2.62,1.99,1.92,-14.47
193103,-6.43,2.98,0.13,5.31,4.61,-3.44,9.46
193104,-9.98,-4.45,0.08,-5.57,-1.62,-3.82,11.4
193105,-13.24,5.35,0.09,-3.59,-2.64,-6.57,9.26
193106,13.9,-5.32,0.08,18,3.38,11.29,-17.88
193107,-6.62,1.42,0.06,7.57,4.2,-2.11,8.19
193108,0.41,-1.95,0.03,1.76,-3.48,-1.47,-3.5
193109,-29.13,0.54,0.03,2.5,-7.01,-6.77,10.15
193110,8.04,-1.87,0.1,18.53,5.85,1.7,3.27
193111,-9.08,4.31,0.17,1.37,0.84,-5.04,7.54
193112,-13.53,-0.55,0.12,-5.99,-6.12,-8.85,14.16
193201,-1.58,3.93,0.23,16.15,6.66,9.03,-10.87
193202,5.46,-2.78,0.23,9.5,0.32,-1.46,1.59
193203,-11.21,2.27,0.16,-0.85,1.25,-2.32,9.92
193204,-17.96,1.45,0.11,-3.05,0.38,1.43,6.97
193205,-20.51,3.91,0.06,-1.12,9.78,-2.98,12.28
193206,-0.7,0.33,0.02,16.13,-2.85,5.3,1.88
193207,33.84,-4.59,0.03,-1.88,17.5,35.61,-45.02
193208,37.06,13.41,0.03,-19.07,20.83,34.24,-52.05
193209,-2.94,-2.08,0.03,9.54,-8.1,-7.36,2.36
193210,-13.17,-2.56,0.02,-1.36,-8.21,-10.33,4.95
193211,-5.88,2,0.02,-0.14,-6.6,-13.11,-1.83
193212,4.4,-8.64,0.01,-0.84,-8.83,-7.72,5.48
193301,1.25,0.63,0.01,7.54,2.32,6.36,-1.6
193302,-15.24,-2.58,-0.03,3.13,-3.31,-2.95,4.26
193303,3.29,3.79,0.04,10.72,5.87,7.54,2.59
193304,38.85,3.07,0.1,-11.64,36.82,19.65,-16.51
193305,21.43,36.56,0.04,-0.31,32.13,19.19,-4.31
193306,13.11,8.42,0.02,-0.29,10.36,-1.78,4
193307,-9.63,-1.05,0.02,8.12,1.5,3.27,0.1
193308,12.05,-5.39,0.03,8.29,2.63,3,7.59
193309,-10.65,-0.4,0.02,-0.34,-13.76,-11.74,1.58
193310,-8.36,-0.2,0.01,-1.38,-6.34,-8.57,-2.21
193311,9.97,-6.47,0.02,5.92,2.12,2.32,6.1
193312,1.83,0.63,0.02,-0.53,-0.47,-1.56,4.18
193401,12.6,12.69,0.05,9.66,25.53,15.59,-2.97
193402,-2.5,5.1,0.02,2.25,1.85,2,-0.29
193403,0.09,2.51,0.02,1.3,-1.89,-2.7,-0.67
193404,-1.79,2.73,0.01,0.2,-3.86,-3.73,-4.71
193405,-7.25,-0.29,0.01,-6.04,-7.27,-5.89,-2.56
193406,2.64,-2.23,0.01,-0.85,-4.53,-2.96,-0.96
193407,-10.96,-6.95,0.01,-4.91,-13.77,-10.7,8.71
193408,5.58,5.37,0.01,13.35,5.54,0.09,2.48
193409,-0.23,-1.52,0.01,1.82,0.12,-1.2,0.06
193410,-1.66,1.24,0.01,-0.15,-4.08,-5.08,6.9
193411,8.33,6.48,0.01,2.21,2.53,-2.15,3.83
193412,0.36,3.06,0.01,-2.5,-1.9,-3.14,4.73
193501,-3.45,1.07,0.01,2.72,-2.4,-1.9,3.72
193502,-1.94,0.37,0.02,-2.85,-8.53,-7.44,13.92
193503,-3.68,-3.59,0.01,-2.24,-0.37,-5.12,2.49
193504,9.06,-1.47,0.01,2.82,5.51,4.47,-4.64
193505,3.47,-3.34,0.01,3.85,2.08,2.65,-3.62
193506,5.93,-2.57,0.01,2.59,0.18,-1.69,2.35
193507,7.51,1.88,0.01,-0.85,9.99,6.93,-4.06
193508,2.65,6.2,0.01,-3.71,10.4,6.08,-7.17
193509,2.63,1.53,0.01,-0.53,-0.09,-4.07,8.95
193510,7.03,2.72,0.01,1.5,5.57,-2.37,1.87
193511,4.88,4.54,0.02,5.6,7.71,12.06,-6.27
193512,4.56,0.17,0.01,-3.16,1.13,0.95,3.78
193601,6.89,5.23,0.01,-1.34,12.38,10.34,-3.33
193602,2.49,0.95,0.01,1.87,1.75,4.51,2.45
193603,0.99,0.69,0.02,1.73,-1.45,-1.44,1.82
193604,-8.14,-6.06,0.02,-0.72,-6.77,-2.15,-7.65
193605,5.19,0.91,0.02,3.35,3.21,2.61,2.47
193606,2.4,-3.2,0.03,1.27,-2.49,-1.2,0.38
193607,6.67,1,0.01,2.71,4.55,2.4,2.85
193608,0.99,0.6,0.02,-0.37,2.56,3.82,0.65
193609,0.98,3.08,0.01,1.21,-0.99,0.9,1.24
193610,7.12,-2.43,0.02,0.38,1.6,2.47,1
193611,3.27,8.77,0.01,-2.18,-2.31,-1.21,1.97
193612,0.21,3.96,0,-3.21,3.38,4.3,2.01
193701,3.35,4.34,0.01,-2.25,1.07,2.61,-1.9
193702,1.09,1.05,0.02,2.37,-0.15,4.83,3.17
193703,-0.27,-1.69,0.01,-2.86,-1.82,6.5,2.7
193704,-7.36,-3.83,0.03,1.59,-0.25,-3.66,-3.71
193705,-0.83,-0.68,0.06,0.02,-2.73,-3.48,0.58
193706,-4.21,-3.76,0.03,-2.15,0.76,-3.33,0.74
193707,8.91,0.89,0.03,6.59,-1.23,0.81,-0.55
193708,-4.86,0.44,0.02,4.1,-2.24,-2.25,-1.85
193709,-13.61,-6.98,0.04,-6.24,-3.55,-4.57,-7.01
193710,-9.61,0.41,0.02,-3.67,2.44,-1.55,-1.6
193711,-8.31,-3.6,0.02,-1.63,2.76,0.15,-1.23
193712,-4.24,-7.74,0,-3.14,1.33,-0.4,4.67
193801,0.49,4.84,0,6.68,-0.45,-1.61,-1.61
193802,5.84,0.4,0,4.47,-3.7,-2.02,-2.91
193803,-23.82,-4.34,-0.01,8.36,7.94,-3.54,15.55
193804,14.51,6.46,0.01,14.02,-3.32,0.23,-8.49
193805,-3.83,-2.51,0,7.02,3.87,-0.27,7.01
193806,23.87,4.3,0,23.81,-12.3,0.32,-24.79
193807,7.34,6.64,-0.01,-3.87,-2.79,2.2,-7.02
193808,-2.67,-2.45,0,-1.09,-3.14,-4.72,3.64
193809,0.81,-2.73,0.02,0.93,-0.65,-1.62,2.58
193810,7.8,5.81,0.01,3.59,5.42,5.03,-7.77
193811,-1.72,-2.57,-0.06,1.54,-3.04,-1.22,3.07
193812,4.19,-1.82,0,2.43,-1.29,0.53,2.18
193901,-5.96,-1.55,-0.01,4.27,-1.08,-3.94,-3.04
193902,3.51,0.63,0.01,3.93,2.41,2.95,3.27
193903,-11.99,-4.75,-0.01,5.06,-7.37,-8.31,-1.55
193904,-0.18,1.67,0,3.28,1.07,-0.3,2.56
193905,6.8,2.8,0.01,3.45,-0.07,0.49,3.54
193906,-5.31,-1.01,0.01,3.56,-5.04,-5.42,2.05
193907,10.24,4.32,0,14.13,1.45,-0.03,-0.55
193908,-6.68,-4.61,-0.01,7.09,-0.32,-2.42,5.95
193909,16.88,20.24,0.01,19.88,14.98,22.22,-31.03
193910,-0.53,-0.01,0,12.98,-3.89,-4.89,6.56
193911,-3.62,-5.07,0,-9.06,-3.88,-6.46,-0.29
193912,3.03,0.79,0,-0.9,-1.65,-4.06,5.38
194001,-2.41,0.21,0,3.18,3.68,-0.81,1.75
194002,1.44,2.51,0,2.69,-1.19,-0.33,1.79
194003,2.05,1.25,0,2,-1.2,-1.27,-0.36
194004,0.22,3.92,0,1.93,1.33,-0.13,3.24
194005,-21.95,-6.66,-0.02,-0.5,-3.21,-3.69,2.95
194006,6.67,-2.13,0,5.71,1.67,4.62,-2.14
194007,3.16,1.01,0.01,2.49,-1.41,-0.74,0.8
194008,2.19,-0.11,-0.01,1.35,-1.8,0.56,-1.57
194009,2.39,3.22,0,-0.54,-1.59,-1.13,-0.28
194010,3.02,0.28,0,0.3,0.86,4.64,-6.51
194011,-1.61,1.94,0,0.92,-5.03,0.12,1.28
194012,0.69,-2.15,0,2.17,-2.94,-0.89,3.48
194101,-4.17,1,-0.01,4.03,2.85,3.83,-4.43
194102,-1.43,-1.56,-0.01,0.49,-1.65,0.89,0.97
194103,0.84,0.1,0.01,1.82,0.61,3.04,2.44
194104,-5.46,-1.68,-0.01,-1.91,-0.6,3.41,3.01
194105,1.39,-0.65,0,0.83,-0.28,0.6,2.52
194106,5.83,1.32,0,1.11,-1.01,0.59,-0.95
194107,5.87,5.71,0.03,1.39,8.62,7.25,-1.63
194108,-0.17,-0.42,0.01,0.84,-1.66,-1.1,0.12
194109,-0.87,-0.99,0.01,-0.47,-3.54,-0.28,-1.65
194110,-5.25,-2.02,0,-1.96,-3.41,1.63,4.75
194111,-1.92,-1.21,0,-1.88,-1.85,-0.64,4.05
194112,-4.87,-2.99,0.01,-1.92,-5.98,-5.94,0.25
194201,0.79,7.53,0.02,9.41,14.48,10.1,-3.57
194202,-2.46,1.72,0.01,0.93,1.19,-1.13,-0.75
194203,-6.58,1.77,0.01,-2.03,-0.06,-0.62,-0.33
194204,-4.37,-0.6,0.01,0.72,-0.08,2.09,-0.71
194205,5.94,-3.05,0.03,-0.37,-3.59,-2.65,-4.71
194206,2.69,-1.22,0.02,0.55,-0.15,0.54,-1.32
194207,3.51,-0.15,0.03,2.22,3.45,2.4,0.75
194208,1.8,-0.09,0.03,0.17,0.06,1.35,-0.18
194209,2.61,0.63,0.03,1.24,3.11,2.35,-0.64
194210,6.82,1.75,0.03,-1.39,8.81,6.39,-4.07
194211,0.15,-1.5,0.03,6.47,-3.21,-4.21,-0.88
194212,5.12,-2.51,0.03,2,1.59,0.58,3.26
194301,7.13,8.8,0.03,5.71,12.2,8.18,-0.36
194302,6.15,4.75,0.03,-5.39,9.66,6.4,-1.55
194303,6.01,4.99,0.03,-2.08,5.02,5.48,4.85
194304,0.81,2.05,0.03,1.25,4.61,5.82,6.17
194305,5.74,4.35,0.03,-0.29,5.61,3.25,5.64
194306,1.82,-1.02,0.03,1.89,-1.26,-0.7,-1.29
194307,-4.77,-2.39,0.03,0.22,-2.15,-2.29,-4.57
194308,1.3,-0.6,0.03,2.43,-0.76,-0.43,0.88
194309,2.4,1.29,0.03,0.56,2.99,1.43,1.8
194310,-1.15,0.58,0.03,3.03,-1.7,1.64,-0.57
194311,-5.91,-1.65,0.03,-0.49,-4.2,-4.02,-4.6
194312,6.36,3.34,0.03,8.62,3.32,3.24,6.03
194401,1.74,2.55,0.03,1.08,2.57,2.16,0.98
194402,0.37,-0.1,0.03,0.27,-0.4,0.84,0.33
194403,2.46,1.73,0.02,-0.16,1.52,3.43,2.51
194404,-1.69,-1.37,0.03,1.95,-0.56,-1.14,0.55
194405,5.07,1.68,0.03,2.5,-0.33,1.04,1.98
194406,5.49,4.01,0.03,-1.43,0.5,1.75,-5.13
194407,-1.49,0.58,0.03,3.08,1.35,-0.42,0.13
194408,1.57,2.33,0.03,2.29,0.64,-1.49,4.66
194409,0.01,0.49,0.02,1.19,0.17,-1.16,-1.06
194410,0.16,-0.15,0.03,0.55,-0.84,-0.33,-1.34
194411,1.71,0.36,0.03,0.91,-2.32,2.38,1.34
194412,4.03,2.25,0.02,-1.81,-0.31,5.91,3.36
194501,2.01,2.46,0.03,3.34,0.53,0.67,0.02
194502,6.23,1.55,0.02,0.93,-0.08,4.34,3.1
194503,-3.89,-1.6,0.02,3.74,0.22,-1.74,-3.26
194504,7.8,0.32,0.03,4.17,-1.9,3.24,4.82
194505,1.73,1.52,0.03,2.11,-0.8,0.36,0.11
194506,0.39,3.12,0.02,0,1.1,4.21,4.14
194507,-2.17,-1.52,0.03,3.45,1.86,-2.62,-2.7
194508,6.2,1.5,0.03,1.89,-0.47,-4.27,-1.31
194509,4.77,1.7,0.03,0.06,-1.89,0.42,1.25
194510,3.89,2.38,0.03,-1.09,-3.73,2.13,0.12
194511,5.39,4.31,0.02,-1.83,-3.87,3.96,4.11
194512,1.2,2.1,0.03,2.22,-1.63,-2.28,1.25
194601,6.24,3.91,0.03,1.84,1.17,2.48,3.78
194602,-5.83,-0.71,0.03,2.85,2.07,-1.46,-1.44
194603,5.87,0.29,0.03,-1.16,-2.9,-0.54,2.68
194604,4.23,2.35,0.03,-4.48,-0.69,0.32,2.98
194605,3.93,1.46,0.03,2.07,-2.14,1.28,-0.46
194606,-3.89,-1.58,0.03,1.49,1.59,-0.39,-2.5
194607,-2.69,-2.07,0.03,-0.61,1.82,0.07,-0.02
194608,-6.44,-1.84,0.03,-1.1,2.28,0.55,-0.04
194609,-10.17,-4.4,0.03,-3.02,5.73,-1.92,0.74
194610,-1.44,0.1,0.03,1.17,1.32,3.46,1.03
194611,-0.01,-0.44,0.03,-0.1,3.5,1.47,0.19
194612,4.96,0.08,0.03,-0.21,0.28,-1.36,-0.08
194701,1.25,2.2,0.03,4.53,-0.31,-0.73,-6.36
194702,-1.08,0.68,0.03,0.78,0.4,0.15,-0.52
194703,-1.67,-1.62,0.03,0.25,3.03,0.61,4.13
194704,-4.8,-3.96,0.03,-2.87,5.13,0.85,4.99
194705,-0.97,-3.26,0.03,-2.17,3.23,0.33,3.34
194706,5.29,-0.3,0.03,0.35,-2.3,-0.59,-1.67
194707,4.14,1.43,0.03,2.1,-3.71,2.82,-3.43
194708,-1.74,0.32,0.03,1.51,2.34,0.18,3.33
194709,-0.54,1.64,0.06,-0.64,-0.28,1.36,0.01
194710,2.47,0.51,0.06,2.29,-0.98,0.07,1.57
194711,-1.97,-1.71,0.06,-0.01,1.76,1.1,4.27
194712,3,-2.46,0.08,-0.58,-0.11,3.71,3.62
194801,-3.93,2.5,0.07,4.06,1.14,1.39,-4.3
194802,-4.38,-1.72,0.07,0.68,2.56,0.07,1.44
194803,8.07,0.14,0.09,5.98,-1.49,4.5,-0.31
194804,3.65,-1.65,0.08,-0.28,0.34,4.11,4.09
194805,7.3,0.91,0.08,1.07,-0.64,-1.27,2.3
194806,-0.1,-1.82,0.09,1.12,1.46,2.81,4.08
194807,-5.09,-0.33,0.08,1.44,1.44,0.14,-1.61
194808,0.25,-1.11,0.09,0.55,-1.03,0.28,0.23
194809,-2.97,-1.23,0.04,0.33,1.2,-1.71,-1.31
194810,5.96,-1.5,0.04,2.37,0.5,0.58,2.8
194811,-9.3,-0.6,0.04,3.94,0.71,-4.13,0.54
194812,3.26,-2.82,0.04,0.09,0.74,-1.94,4.63
194901,0.23,1.77,0.1,4.31,0.89,1.23,-2.9
194902,-2.93,-1.9,0.09,-1.15,1.02,-0.86,-0.41
194903,4.04,2.5,0.1,2.77,-0.32,1.29,-0.94
194904,-1.87,-0.89,0.09,0.63,-0.12,-1.13,3.1
194905,-2.94,-0.79,0.1,-1.74,1.21,-2.37,2.98
194906,0.1,-0.91,0.1,-0.25,-0.84,-1.65,-1.06
194907,5.54,0.55,0.09,2.6,-0.36,0.37,-1.49
194908,2.6,0.2,0.09,1.19,-1.48,-0.55,1.72
194909,3.09,1,0.09,0.42,-0.6,0.19,-1.41
194910,3.14,1.04,0.09,0.55,-0.13,-0.48,0.06
194911,1.82,-1.02,0.08,-0.22,-1.83,-0.96,1.22
194912,5.13,2.06,0.09,0.63,3.52,1.77,-0.78
195001,1.7,3.33,0.09,0.71,2.3,0.12,-2.34
195002,1.48,0.03,0.09,1.13,0.08,-0.79,1.39
195003,1.26,-1.44,0.1,0.96,-0.69,-2.81,1.47
195004,3.94,1.94,0.09,2.01,2.86,1.3,0.41
195005,4.31,-2.1,0.1,-1,-3,0.46,0.37
195006,-5.94,-2.34,0.1,0.97,-3.17,-0.7,-1.58
195007,1.36,0.69,0.1,0.65,7.51,13.56,-0.47
195008,4.85,0.76,0.1,5.17,-2.98,-1.5,3.19
195009,4.81,0.49,0.1,0.37,0.29,-1.07,-0.17
195010,-0.18,-0.47,0.12,2.76,-0.56,1.3,1.53
195011,2.76,-0.89,0.11,1.05,0.84,3.33,3.63
195012,5.54,1.47,0.11,-5.69,7.38,7.36,4.99
195101,5.7,1.76,0.13,3.09,2.58,3.64,2
195102,1.41,0.08,0.1,2.47,-3.25,-2.85,-1.55
195103,-2.15,-0.77,0.11,-0.36,-2.87,-4.1,-2.97
195104,4.86,-1.45,0.13,1.75,-0.33,3.27,6.01
195105,-2.34,0,0.12,1.86,-1.68,-1.37,-0.93
195106,-2.62,-2.06,0.12,-2.01,-4.57,-3.75,-2.38
195107,6.94,-1.99,0.13,4.12,1.05,2.06,7.27
195108,4.27,0.99,0.13,0.17,-0.54,-0.13,1
195109,0.7,1.87,0.12,1.22,1.32,0.63,0.49
195110,-2.53,-0.22,0.16,2.5,-0.46,0.23,-0.2
195111,0.57,-0.32,0.11,1.14,-0.36,-0.06,0.57
195112,3.33,-2.26,0.12,1.45,-2.14,-1.59,1.68
195201,1.45,-0.61,0.15,1.82,-1.03,1.55,1.35
195202,-2.62,0.82,0.12,1.09,0.91,-0.61,-0.68
195203,4.44,-2.99,0.11,0.62,-2.38,2.17,1.59
195204,-4.97,0.46,0.12,0.37,1.83,-0.1,-2.06
195205,3.2,-1,0.13,1.67,-1.83,0.04,0.51
195206,3.83,-1.64,0.15,0.77,-1.68,1.24,1.48
195207,0.91,-0.4,0.15,1.12,-0.62,-0.35,-0.57
195208,-0.76,1.15,0.15,0.35,0.42,0.01,0.34
195209,-2.03,1.11,0.16,-1.17,0.92,-1.52,1.7
195210,-0.66,-1.05,0.14,0.75,0.46,-0.46,2.82
195211,5.94,-0.72,0.1,1.83,-0.8,0.97,0.48
195212,2.93,-1.48,0.16,2.05,-0.71,0.19,1.59
195301,-0.34,3.61,0.16,2.14,1.42,1.32,0.71
195302,-0.27,2.15,0.14,-0.57,0.95,-0.09,0.88
195303,-1.43,-0.22,0.18,0.74,1.05,-0.85,0.07
195304,-2.83,0.3,0.16,0.72,1.88,1.57,1.91
195305,0.52,-0.07,0.17,0.32,-1.31,0.23,0.94
195306,-1.89,-1.87,0.18,-0.08,-0.85,-0.47,0
195307,2.4,-1,0.15,0.75,-0.62,-0.22,-0.25
195308,-4.52,0.29,0.17,0.36,0.9,-3.53,2.12
195309,0.2,-0.84,0.16,-0.77,-0.39,-2.44,2.85
195310,4.6,-1.35,0.13,0.26,-3.34,-0.25,0.21
195311,2.83,-1.3,0.08,-0.21,-0.67,-0.15,1.9
195312,0.03,-0.85,0.13,-1.27,-1.18,-2.84,5.21
195401,5.13,0.48,0.11,4.98,-0.35,3.44,-5.83
195402,1.67,-0.19,0.07,1.27,-0.92,-0.29,1.04
195403,3.65,-0.54,0.08,0.14,-2.23,-1.5,2.04
195404,4.27,-3.44,0.09,-1.41,-3.09,-0.34,4.97
195405,3.09,0.41,0.05,2.55,-1.14,2.45,-1.9
195406,1.07,0.38,0.06,1.93,-1.09,0.01,3.51
195407,4.99,1.06,0.05,1.2,0.55,4.13,0.48
195408,-2.34,2.69,0.05,2.07,0.06,-1.38,-0.66
195409,6.39,-2.53,0.09,-0.37,-3.29,0.68,1.56
195410,-1.67,0.62,0.07,0.36,-0.96,0.67,0.95
195411,9.38,-2.62,0.06,-0.56,-1.71,4.4,1.9
195412,5.48,2.12,0.08,-0.15,-0.09,5.66,-1.33
195501,0.6,0.36,0.08,1.77,-1.01,2.14,1.36
195502,3.02,1.59,0.09,1.7,-1.96,0.58,1.09
195503,-0.16,-0.74,0.1,1.25,0.02,1.97,1.04
195504,3.11,-1.62,0.1,1.28,0,0.68,0.07
195505,0.93,-0.28,0.14,0.05,-0.08,-0.96,0.51
195506,6.55,-4.65,0.1,-0.8,-3.24,1.84,4.62
195507,1.9,-1.17,0.1,-1.44,-0.34,0.35,-1.21
195508,0.21,-0.44,0.16,2.52,0.1,0.72,1.79
195509,-0.36,0.35,0.16,2.54,0.21,-0.99,1.82
195510,-2.68,1.48,0.18,0.06,0,-0.15,-0.6
195511,7.03,-2.22,0.17,3.64,-3.13,0.33,2.7
195512,1.49,2.16,0.18,-0.16,-0.45,-2.3,-1.35
195601,-3.03,0.37,0.22,1.03,1.15,0.95,-1.4
195602,3.77,-0.98,0.19,2.92,-1.71,-0.43,1.96
195603,6.64,-2.09,0.15,-2.42,-2.85,-0.46,3.6
195604,0.28,0.01,0.19,-1.5,-1.45,-0.24,2.58
195605,-5.2,1.45,0.23,1.93,0.22,-1.31,-1.61
195606,3.48,-1.48,0.2,0.8,-1.42,-1.13,2.73
195607,4.84,-1.66,0.22,-1.14,-1.89,-0.04,2.5
195608,-3.18,1.89,0.17,2.07,0.64,-0.74,-0.69
195609,-5.14,1.57,0.18,-1.38,0.98,1.76,-0.75
195610,0.52,-0.1,0.25,0.5,-0.41,-0.06,2.43
195611,0.36,-0.21,0.2,-1.47,2.41,1.78,3.41
195612,3.16,-0.01,0.24,0.05,-1.31,-2.15,3.82
195701,-3.58,3.37,0.27,3.62,4.96,2.81,-3.09
195702,-2.06,-0.72,0.24,-0.16,1.11,-0.72,0.32
195703,2.13,0.26,0.23,1.07,-0.6,-0.48,-0.18
195704,4.26,-1.59,0.25,-0.59,-1.87,-1.45,1
195705,3.45,-1.05,0.26,0.2,-2.08,-2.1,0.48
195706,-0.74,0.54,0.24,-0.82,-1.56,0.01,0.79
195707,0.66,-0.76,0.3,0.56,-0.51,0.43,-0.07
195708,-5.11,0.05,0.25,0.33,2.07,-0.41,0.47
195709,-5.98,0.08,0.26,-4.06,2.49,0.92,0.53
195710,-4.32,-2.52,0.29,-3.5,-0.15,-1.8,1.95
195711,2.3,0.4,0.28,-0.15,-0.78,-2.87,1.27
195712,-3.91,-0.98,0.24,-1.2,1.68,-1.62,7.82
195801,4.66,4.39,0.28,5.48,2.44,4.19,-7.62
195802,-1.52,0.65,0.12,1.76,0.73,0.33,3.73
195803,3.27,0.65,0.09,1.15,-0.7,-0.97,-1.88
195804,3.09,-0.62,0.08,-0.42,1.11,1.61,1.84
195805,2.31,2.16,0.11,1.19,0.3,-0.26,-1.8
195806,2.93,-0.19,0.03,1.95,-0.67,0.4,-0.88
195807,4.39,0.47,0.07,2.8,-2.19,3.06,-3.7
195808,1.91,1.18,0.04,1.72,0.71,0.36,0.21
195809,4.66,0.12,0.19,2.56,-0.62,2.85,-1.1
195810,2.53,1.09,0.18,1.35,-0.97,-1.18,3.15
195811,3.01,1.97,0.11,0.7,-0.35,-1.18,1.58
195812,5.15,-2.03,0.22,1.9,-0.3,0.03,-0.63
195901,0.71,3.02,0.21,1.11,1.87,2.91,-0.26
195902,0.95,1.46,0.19,0.57,0.38,1.16,3.45
195903,0.28,1.49,0.22,0.41,-0.45,-0.34,0.16
195904,3.66,-0.6,0.2,0.06,-0.43,-1.23,3.17
195905,1.73,-2.16,0.22,-0.75,0.91,1.79,1.49
195906,-0.25,0.67,0.25,0.93,-0.02,1.31,2.9
195907,3.17,-0.3,0.25,-0.13,-0.38,0.23,-0.3
195908,-1.39,-0.76,0.19,-0.51,-1.12,0.44,-1
195909,-4.8,-0.09,0.31,-0.11,-0.18,0.55,0.93
195910,1.28,1.44,0.3,1.17,-0.05,-2.1,3.71
195911,1.6,1.23,0.26,-1.7,-0.37,-3.21,2.23
195912,2.45,-0.58,0.34,1.42,-0.51,-0.07,1.03
196001,-6.98,2.09,0.33,3.71,0.92,2.78,-3.54
196002,1.17,0.51,0.29,-0.52,-0.8,-1.93,3.92
196003,-1.63,-0.49,0.35,-0.77,-1.42,-2.94,1.38
196004,-1.71,0.32,0.19,-2.29,-1.19,-2.28,2.84
196005,3.12,1.21,0.27,-3.54,-3.5,-3.7,4.79
196006,2.08,-0.21,0.24,1.12,-0.12,-0.34,0.86
196007,-2.37,-0.51,0.13,1.07,0.27,1.98,-0.81
196008,3.01,0.87,0.17,-1.37,1.09,-0.18,1.91
196009,-5.99,-1.11,0.16,-0.04,1.31,1.62,0.32
196010,-0.71,-4.08,0.22,-2.13,1.25,2.83,1.25
196011,4.69,0.4,0.13,1.05,-2.58,-2.43,3.78
196012,4.71,-1.55,0.16,0.78,-0.57,-0.81,1.41
196101,6.2,0.64,0.19,1.17,3.73,3.72,-4
196102,3.57,3.93,0.14,1.32,-2.73,-0.66,0.98
196103,2.89,3.3,0.2,1.5,-3.01,-0.73,4.54
196104,0.29,0.07,0.17,1.93,0.76,2.12,3.6
196105,2.4,2.01,0.18,3.51,0.78,0.37,-1.57
196106,-3.08,-2.49,0.2,1.32,-1.73,-0.14,0.33
196107,2.83,-1.9,0.18,1.43,-0.31,-0.09,0.27
196108,2.57,-1.75,0.14,1.13,-1.59,-0.28,1.59
196109,-2.15,-1.07,0.17,-1.65,-2.86,-0.61,0.82
196110,2.57,-1.65,0.19,-1.4,-0.49,0.15,3.11
196111,4.45,1.26,0.15,-0.47,-2.56,-1.23,1.35
196112,-0.18,-0.85,0.19,1.15,3.38,1.79,-2.21
196201,-3.87,1.77,0.24,0.94,6.62,5.13,-2.03
196202,1.81,-1.15,0.2,0.86,1.13,0.82,-1.01
196203,-0.68,0.52,0.2,0.71,-1.14,-1.38,1.84
196204,-6.59,-0.7,0.22,-0.82,0.59,0.03,2.91
196205,-8.65,-3.34,0.24,-0.18,3.42,2.77,0.41
196206,-8.47,-0.59,0.2,-2.82,1.74,2.55,6.46
196207,6.28,1.52,0.27,3.53,-2.27,-3.41,0.52
196208,2.13,1.22,0.23,-0.12,-1.1,-1.2,-0.6
196209,-5.22,-2.42,0.21,2.42,1.73,1.28,3.95
196210,-0.05,-3.97,0.25,-2.07,0.83,1.3,0.76
196211,10.87,2.61,0.2,5.3,0.79,0.95,-7.16
196212,1.01,-3.8,0.23,5.02,-0.39,0.36,5.89
196301,4.93,3.08,0.25,4.56,1.61,2.21,-2.11
196302,-2.38,0.48,0.23,1.54,0.72,2.18,2.53
196303,3.08,-2.59,0.23,1.42,1.24,2.06,1.62
196304,4.51,-1.34,0.25,-0.93,1.04,1,-0.09
196305,1.76,1.13,0.24,0.14,2.41,2.54,0.33
196306,-2,-0.27,0.23,1.81,-0.31,0.75,1.21
196307,-0.39,-0.45,0.27,-0.08,-1.11,-0.97,0.9
196308,5.07,-0.98,0.25,1.3,1.58,1.8,1.01
196309,-1.57,-0.33,0.27,1.19,-0.17,0.13,0.19
196310,2.53,-0.58,0.29,-0.66,-0.21,-0.1,3.12
196311,-0.85,-1.17,0.27,1.12,-0.01,1.75,-0.74
196312,1.83,-2.16,0.29,0.27,-0.01,-0.02,1.75
196401,2.24,-0.11,0.3,-0.16,0.04,1.48,0.86
196402,1.54,0.11,0.26,0.19,1.2,2.81,0.26
196403,1.41,0.87,0.31,0.23,3.87,3.4,0.75
196404,0.1,-1.35,0.29,3.45,-2.54,-0.67,-0.58
196405,1.42,-0.86,0.26,-1.22,-0.1,1.86,2.57
196406,1.27,-0.12,0.3,0.48,-0.5,0.62,0.46
196407,1.74,0.24,0.3,1.82,-0.06,0.75,-0.35
196408,-1.44,0.16,0.28,-1.11,-0.66,0.08,-0.22
196409,2.69,-0.54,0.28,1.25,3.66,1.7,-0.41
196410,0.59,0.42,0.29,1.11,-0.6,1.17,0.08
196411,0,0.69,0.29,-0.68,-1.47,-1.96,1.03
196412,0.03,-0.35,0.31,0.85,-1.58,-2.48,-0.74
196501,3.54,2.7,0.28,2.95,2.24,0.12,-1.44
196502,0.44,3.55,0.3,-0.51,2.89,0.11,0.32
196503,-1.34,1.89,0.36,1.39,0.64,1.03,0.15
196504,3.11,1.1,0.31,0.4,0.19,0.66,2.63
196505,-0.77,0.11,0.31,0.21,0.03,-1.61,0.6
196506,-5.51,-4.34,0.35,0.39,-1.81,0.59,-3.13
196507,1.43,0.89,0.31,2.58,1.59,2.2,4.1
196508,2.73,2.84,0.33,-1.4,1.67,-1,2.58
196509,2.86,0.64,0.31,-1.37,2,-0.13,3.3
196510,2.6,2.52,0.31,-1.27,0.94,1.56,3.46
196511,-0.03,4.68,0.35,-2.42,1.04,0.15,4.45
196512,1.01,2.06,0.33,2.82,-0.29,2.03,0.12
196601,0.72,3.84,0.38,0.51,1.49,3.56,5.39
196602,-1.21,4.4,0.35,-2.73,1.36,0.33,4.57
196603,-2.51,0.99,0.38,-0.32,0.63,-1.98,1.42
196604,2.14,3.43,0.34,-0.87,1.43,-0.46,6.28
196605,-5.66,-4.6,0.41,3.48,-0.93,-1.63,-4.7
196606,-1.44,1.03,0.38,2.56,1.4,0.5,3.25
196607,-1.63,-0.36,0.35,1.25,-0.41,0.95,-1.34
196608,-7.91,-3.27,0.41,0.3,2.25,0.43,-2.14
196609,-1.06,-1.04,0.4,1.04,-1.3,0.56,-1.84
196610,3.86,-6.52,0.45,-1.53,0.04,2.69,-5.26
196611,1.4,4.24,0.4,9.04,-0.17,-4.69,5.72
196612,0.13,1.97,0.4,0.28,0.43,-1.19,1.06
196701,8.15,8.32,0.43,3.53,0.75,2.27,-6.93
196702,0.78,3.35,0.36,1.3,2.11,-2.22,3.52
196703,3.99,1.55,0.39,1.83,-0.77,0.37,1.53
196704,3.89,0.63,0.32,0.56,-3.53,-2.48,0.59
196705,-4.33,1.9,0.33,1.81,-0.24,1.09,0.72
196706,2.41,5.93,0.27,-1.09,-0.36,0.85,6
196707,4.58,3.12,0.31,0.21,-1.71,2.73,-1.07
196708,-0.89,0.42,0.31,0.67,0.31,1.44,-1.38
196709,3.11,3.06,0.32,-0.64,-0.92,-2.5,2.52
196710,-3.09,1.46,0.39,-2.38,0.27,-3.3,3.67
196711,0.37,0.21,0.36,0.2,-2.18,-1.7,1.26
196712,3.05,5.73,0.33,-0.04,2.06,-0.53,3.25
196801,-4.06,3.92,0.4,3.96,5.95,4.8,-4.7
196802,-3.75,-2.94,0.39,-0.87,2.68,1.28,-3.43
196803,0.2,-1.34,0.38,1.54,-2.42,-0.59,3.23
196804,9.05,5.68,0.43,-0.74,-4.86,-1.13,5.09
196805,2.28,6.4,0.45,-1.96,-1.86,0.85,3.8
196806,0.69,-0.19,0.43,3.74,2.76,0.73,-1.9
196807,-2.72,-1.36,0.48,-1.33,6.31,5.39,-0.88
196808,1.34,2.34,0.42,0.71,0.77,1.01,1.89
196809,4.03,2.8,0.43,-0.15,0.04,0.3,-0.65
196810,0.42,-0.48,0.44,1.34,2.72,2.86,-1.46
196811,5.43,2.34,0.42,3.29,-2.16,-0.92,1.75
196812,-3.94,3.37,0.43,2.39,-0.91,-0.01,-0.01
196901,-1.25,-0.74,0.53,2.52,2.4,1.67,-0.17
196902,-5.84,-3.92,0.46,2.39,2.32,0.91,-2.36
196903,2.64,-0.3,0.46,0.29,-0.01,-0.51,3.97
196904,1.46,-0.86,0.53,-0.96,0.09,-0.03,1.13
196905,-0.1,-0.21,0.48,1.44,1.36,0.7,1.7
196906,-7.18,-5.37,0.51,-0.11,1.46,-1.08,-2.3
196907,-7,-3.24,0.53,-1.61,2.97,1.2,1.71
196908,4.68,0.93,0.5,3.28,-4.63,-3.79,2.17
196909,-2.98,1.18,0.62,0.63,-1.13,-3.27,2.52
196910,5.06,3.91,0.6,-0.48,-1.72,-3.16,-4.31
196911,-3.79,-2.58,0.52,1.04,-0.5,-1.19,3.66
196912,-2.63,-3.71,0.64,-2.86,0.09,-2.86,4.96
197001,-8.1,2.93,0.6,-0.26,4.11,3.13,0.6
197002,5.13,-2.58,0.62,2.82,1.57,3.93,0.23
197003,-1.06,-2.32,0.57,0.63,5.16,3.99,-0.36
197004,-11,-6.15,0.5,-4.54,6.85,6.18,-0.77
197005,-6.92,-4.59,0.53,-3.16,3.83,3.33,-2.78
197006,-5.79,-2.13,0.58,-0.1,3.19,0.6,5.7
197007,6.93,-0.5,0.52,3.97,1.49,0.9,-3.14
197008,4.49,1.52,0.53,1.52,-0.85,1.15,-6.55
197009,4.18,8.59,0.54,0.57,-7.56,-5.47,-8.8
197010,-2.28,-4.21,0.46,6.79,0.77,0.22,9.42
197011,4.6,-3.94,0.46,-0.52,2.05,1.69,2.73
197012,5.72,2.92,0.42,2.37,1.23,1,-2.23
197101,4.84,7.36,0.38,1.88,0.8,1.33,-6.51
197102,1.41,1.86,0.33,1.76,-0.21,-1.23,0.79
197103,4.13,2.62,0.3,0.1,-1.98,-3.95,-1.41
197104,3.15,-0.49,0.28,0.92,2.02,0.69,1.41
197105,-3.98,-1.04,0.29,0.53,-0.66,-1.44,0.86
197106,-0.1,-1.47,0.37,-0.99,-1.15,-1.87,2.73
197107,-4.5,-1.48,0.4,1.37,-2.93,0.02,-2.35
197108,3.79,-0.17,0.47,5.57,1.97,2.63,3.61
197109,-0.85,0.51,0.37,0.29,-1.75,-2.91,2.12
197110,-4.42,-1.76,0.37,-1.25,-0.02,-0.48,0.47
197111,-0.46,-2.77,0.37,-0.82,-0.89,-1.68,1.51
197112,8.71,3.29,0.37,3.65,0.7,-0.4,-0.58
197201,2.49,5.85,0.29,-0.58,2.85,2.24,0.17
197202,2.87,1.3,0.25,-0.1,-1.42,-2.79,2.54
197203,0.63,-0.24,0.27,1.46,-1.63,-1.61,2.94
197204,0.29,0.11,0.29,0.13,-0.32,0.12,2.81
197205,1.25,-2.69,0.3,-0.93,-1.22,-2.7,3.29
197206,-2.43,0.27,0.29,-1.74,-1.11,-2.48,1.9
197207,-0.8,-2.87,0.31,-2.32,-0.24,0.66,2.75
197208,3.26,-4.03,0.29,0.7,3.08,4.54,-5.4
197209,-1.14,-2.65,0.34,1.48,-1.29,0.46,1.82
197210,0.52,-2.73,0.4,-0.93,0.18,1.34,0.71
197211,4.6,-1.2,0.37,3.28,1.38,4.85,-5.09
197212,0.62,-1.95,0.37,3.89,-2.29,-2.19,4.92
197301,-3.29,-3.49,0.44,-1.37,-0.02,2.68,3.73
197302,-4.85,-3.87,0.41,-2.2,-0.17,1.6,2.16
197303,-1.3,-2.82,0.46,0.43,0.89,2.62,3.59
197304,-5.68,-3.85,0.52,-0.68,2.49,5.41,6.36
197305,-2.94,-6.3,0.51,-1.11,-2.47,0.41,7.14
197306,-1.57,-2.86,0.51,0.11,-0.4,1.2,4.3
197307,5.05,7.97,0.64,9.47,0.4,-5.31,-11.57
197308,-3.82,-2.13,0.7,1.71,0.28,1.24,3.46
197309,4.75,3.04,0.68,1.65,5.73,2.01,-7
197310,-0.83,-0.45,0.65,1.82,2.32,1.94,6.87
197311,-12.75,-7.67,0.56,-4.67,-2.37,3.87,8.66
197312,0.61,-5.35,0.64,0.39,2.52,3.85,10.38
197401,-0.17,9.68,0.63,9.23,7.66,6.02,-8.85
197402,-0.47,-0.18,0.58,0.73,4.5,2.81,0.32
197403,-2.81,2.6,0.56,4.12,-0.26,-0.32,-1.06
197404,-5.29,-0.74,0.75,-1.39,1.27,0.85,2.11
197405,-4.68,-2.96,0.75,-2.72,-3.02,-2.02,-0.39
197406,-2.83,-0.17,0.6,-0.95,-1.88,0.77,2.3
197407,-8.05,0.84,0.7,0.85,3.32,5.16,3.11
197408,-9.35,-0.73,0.6,2.04,2.02,2.64,3
197409,-11.77,0.27,0.81,3.26,1.24,5.58,4.24
197410,16.1,-3.45,0.51,8.72,-5.2,-9.87,-0.54
197411,-4.51,-1.21,0.54,-0.3,0.02,-0.2,2.13
197412,-3.45,-4.83,0.7,-0.38,-4,0.11,2.92
197501,13.66,11.14,0.58,14.57,14.51,8.28,-13.82
197502,5.56,0.16,0.43,4.55,0.08,-4.45,-0.61
197503,2.66,3.79,0.41,3.5,4.86,2.38,-2.04
197504,4.23,-0.65,0.44,-0.46,-1.99,-1.14,1.38
197505,5.19,3.83,0.44,3.76,2.05,-4.1,-0.58
197506,4.83,0.87,0.41,3.29,2.5,1.38,0.04
197507,-6.59,2.7,0.48,1.21,0.78,1.69,0.42
197508,-2.85,-3.25,0.48,0.64,-2.37,-0.95,-0.1
197509,-4.26,-0.1,0.53,-0.31,-1.4,0.39,0.41
197510,5.31,-4.03,0.56,1.56,0.75,0.28,-0.16
197511,2.64,-1.2,0.41,-2.52,2.25,2.03,-0.45
197512,-1.6,-0.78,0.48,3.26,-0.32,1.69,-0.11
197601,12.16,4.81,0.47,2.84,9.15,8.63,4.45
197602,0.32,7.06,0.34,-2.48,4.9,5.87,0.38
197603,2.32,-1.16,0.4,4.43,0.3,-0.12,0.15
197604,-1.49,-0.11,0.42,2.13,-1.81,-0.16,0.59
197605,-1.34,-1.23,0.37,-0.77,-3.43,-1.36,-1.12
197606,4.05,-1.32,0.43,0.63,1.69,0.71,-0.42
197607,-1.07,0.29,0.47,1.68,0.4,1.73,-0.13
197608,-0.56,-2,0.42,-2.04,0.29,0.81,-0.85
197609,2.07,-0.02,0.44,-0.32,-0.42,-0.29,0.22
197610,-2.42,0.22,0.41,1.14,-1.59,-0.18,-0.44
197611,0.36,2.32,0.4,0.54,1.19,1.51,2.91
197612,5.65,3.03,0.4,3.64,2.85,2.27,0.73
197701,-4.05,4.76,0.36,0.54,0.88,4.27,4
197702,-1.94,1.04,0.35,1.38,-1.47,0.47,0.36
197703,-1.37,1,0.38,1.03,-0.76,1.09,0.55
197704,0.15,-0.12,0.38,-1.22,0.22,3.38,4.21
197705,-1.45,1.18,0.37,-0.32,0.26,0.85,2.03
197706,4.71,2.09,0.4,0.09,3.23,-0.74,1.66
197707,-1.69,2.16,0.42,1.03,1.47,-0.56,0.32
197708,-1.75,1.48,0.44,-0.71,3.4,-2.7,-1.7
197709,-0.27,1.34,0.43,0.83,0.53,-0.52,2
197710,-4.38,1.25,0.49,1.76,-1.07,1.75,-0.08
197711,4,3.73,0.5,2.22,3.32,0.26,2.01
197712,0.27,1.32,0.49,-0.13,-1.7,-0.29,1.58
197801,-6.01,2.24,0.49,1.07,1.49,3.36,-0.66
197802,-1.38,3.59,0.46,1.17,-0.68,0.83,1.97
197803,2.85,3.49,0.53,-0.27,0.75,1.18,1.37
197804,7.88,0.45,0.54,0.22,1.92,-3.54,0.86
197805,1.76,4.56,0.51,0.08,-0.17,-0.52,2.83
197806,-1.69,1.66,0.54,1.35,0.06,0.57,2.74
197807,5.11,0.23,0.56,0.91,0.57,-1.15,4.17
197808,3.75,5.06,0.56,0.87,-0.55,-0.51,2.83
197809,-1.43,-0.43,0.62,3.65,-0.72,1.89,-3.14
197810,-11.91,-9.86,0.68,-1.84,-0.11,1.38,-8.46
197811,2.71,2.97,0.7,9.15,-0.77,-2.15,5.45
197812,0.88,1.29,0.78,-0.39,0.24,-2.13,3.03
197901,4.23,3.62,0.77,5.62,-0.65,2.19,-1.36
197902,-3.56,0.45,0.73,1.31,0.93,1.17,-1.06
197903,5.68,3.26,0.81,1.47,-0.39,-0.71,2.93
197904,-0.06,2.15,0.8,-0.4,-0.42,1.12,0.81
197905,-2.21,0.21,0.82,1.17,0.71,1.31,-0.54
197906,3.85,1.17,0.81,1.19,-2.73,1.44,0.84
197907,0.82,1.28,0.77,0.6,-2.01,1.86,-1.07
197908,5.53,2.05,0.77,0.79,-1.67,-1.58,-0.2
197909,-0.82,-0.27,0.83,-1.63,0.13,-0.9,5.28
197910,-8.1,-3.37,0.87,-1.94,1.54,-1.84,2.01
197911,5.21,2.87,0.99,1.31,-2.27,-3.29,8.14
197912,1.79,4.17,0.95,-1.89,-0.37,-2.1,4.78
198001,5.51,1.62,0.8,-3.41,-0.69,1.75,7.55
198002,-1.22,-1.85,0.89,-4.91,0,0.61,7.88
198003,-12.9,-6.64,1.21,8.46,2.52,-1.01,-9.55
198004,3.97,1.05,1.26,1.4,-0.05,1.06,-0.43
198005,5.26,2.13,0.81,2.84,0.83,0.38,-1.12
198006,3.06,1.66,0.61,2.24,-2.8,-0.76,1.62
198007,6.49,4.14,0.53,2.95,-1.61,-6.41,0.39
198008,1.8,3.92,0.64,-0.84,-1.54,-2.6,3.21
198009,2.19,0.98,0.75,-1.52,-1.72,-4.59,5.39
198010,1.06,2.47,0.95,-1.96,-2.73,-2.76,7.3
198011,9.59,-3.36,0.96,-9.71,-7.87,-8.33,15.22
198012,-4.52,-0.26,1.31,6.38,3.45,2.79,-6.68
198101,-5.04,2.92,1.04,-2.29,7.56,6.72,-7.95
198102,0.57,-0.34,1.07,-2.33,2.57,1.02,-1.35
198103,3.56,3.54,1.21,1.59,1.54,0.64,0.74
198104,-2.11,4.4,1.08,-1.5,2.74,2.28,-0.91
198105,0.11,2,1.15,-3.78,1.59,-0.42,3.7
198106,-2.36,-0.83,1.35,4.78,0.99,5.13,-5.81
198107,-1.54,-2.19,1.24,-0.56,-3.48,-0.5,-2.45
198108,-7.04,-1.95,1.28,-0.65,1.3,4.76,-1.15
198109,-7.17,-2.65,1.24,-1.11,5.13,5.17,1.95
198110,4.92,2.23,1.21,4.55,-4.93,-4.21,4.01
198111,3.36,-1.03,1.07,2.67,0.64,1.83,-0.27
198112,-3.65,1.2,0.87,1.66,1.4,0.81,1.3
198201,-3.24,-1.28,0.8,-1.37,6.34,3.19,1.72
198202,-5.86,0.44,0.92,-4.31,5.95,6.05,4.88
198203,-1.87,-0.21,0.98,-1.89,3.92,3.81,2.96
198204,3.27,1.47,1.13,1.65,-1.68,-2.7,-0.4
198205,-3.99,0.52,1.06,1.99,1.48,1.75,2.5
198206,-3.09,-0.4,0.96,0.15,1.95,1.53,4.96
198207,-3.19,0.83,1.05,-2.88,2.21,0.09,4.45
198208,11.14,-4.14,0.76,1.14,-0.91,0.95,-3.52
198209,1.29,2.95,0.51,4.52,-0.53,0.28,4.19
198210,11.3,2.34,0.59,2.97,-0.69,-3.66,0.18
198211,4.67,4.67,0.63,-4.48,1.03,-1.87,5.95
198212,0.55,-0.22,0.67,3.8,0.97,-0.02,0.04
198301,3.6,2.73,0.69,3.18,0.12,-0.75,-1.73
198302,2.59,3.27,0.62,2.63,-0.37,0.7,3.77
198303,2.82,1.73,0.63,0.34,0.96,2.02,0.92
198304,6.67,0.5,0.71,-0.55,3.1,0.49,1.72
198305,0.52,6.24,0.69,2.73,-2.03,-1.4,-1.56
198306,3.07,0.95,0.67,0.18,-0.83,-3.9,1.8
198307,-4.07,1.5,0.74,2.04,1.12,5.62,-3.13
198308,-0.5,-4.28,0.76,-0.97,-0.21,5.54,-5.88
198309,0.91,0.61,0.76,2.36,0.77,1.01,-0.03
198310,-3.44,-3.57,0.76,-1.63,1.16,4.97,-4.52
198311,2.16,2.01,0.7,4.94,-1.25,-0.72,-0.13
198312,-1.78,-0.27,0.73,1.97,1.3,1.73,0.84
198401,-1.92,-0.38,0.76,0.64,4.24,7.58,-2.56
198402,-4.82,-1.69,0.71,-2.06,0.22,3.33,0.22
198403,0.63,0.07,0.73,2.51,0.8,0.46,1.07
198404,-0.51,-1.16,0.81,1.61,-1.65,1.2,2.07
198405,-5.97,0.06,0.78,0.81,-0.29,0.31,1.51
198406,1.82,-0.3,0.75,0.96,-3.58,-2.66,-0.7
198407,-2.74,-2.21,0.82,-1.45,-1.55,0.36,2.85
198408,10.28,-0.24,0.83,7.29,-1.81,-1.82,-5.59
198409,-0.8,0.17,0.86,4.28,1.75,5.28,3.62
198410,-0.84,-1.23,1,-1.21,-1.7,0.45,3.16
198411,-1.76,-0.65,0.73,-0.67,1.07,4.06,1.64
198412,1.84,-0.56,0.64,0.8,-3.11,-0.26,1.49
198501,7.99,3.31,0.65,2.32,-1.83,-5.35,-6.82
198502,1.22,0.79,0.58,2.5,-0.08,-0.1,1.88
198503,-0.84,-1.08,0.62,-1.37,-0.92,4.07,1.58
198504,-0.96,0.14,0.72,-2.46,0.17,3.72,3.04
198505,5.09,-2.22,0.66,-0.54,-3.99,-0.96,3.99
198506,1.27,0.52,0.55,-0.67,-2.42,0.38,3.57
198507,-0.74,2.84,0.62,3.62,1.62,-1.62,-3.91
198508,-1.02,-0.3,0.55,1.77,0.01,2.32,1.85
198509,-4.54,-1.59,0.6,-1.85,-0.8,1.29,1.51
198510,4.02,-1.51,0.65,0.66,-2.49,0.75,4.88
198511,6.48,0.25,0.61,2.41,-2.22,-2.85,-0.47
198512,3.88,-0.51,0.65,-0.34,-3.09,-1.54,-0.23
198601,0.65,1.21,0.56,0.84,-2.75,0.44,3
198602,7.13,-0.54,0.53,-1.69,-3.62,-0.72,2.76
198603,4.88,-0.59,0.6,-0.07,-2.66,-0.39,2.41
198604,-1.31,2.78,0.52,2.82,-1.24,-2.87,-0.37
198605,4.62,-1.35,0.49,1.05,-1.49,-0.21,2.05
198606,1.03,-0.96,0.52,-2.48,-6.4,1.28,5.07
198607,-6.45,-3.36,0.52,-2.86,-3.84,4.7,1.83
198608,6.07,-4.17,0.46,1.14,4.75,3.51,-5.28
198609,-8.6,2.36,0.45,-0.31,3.91,3.22,-5.79
198610,4.66,-2.5,0.46,3.58,0.72,-1.42,4.46
198611,1.17,-1.91,0.39,0.71,0.24,-0.07,-0.26
198612,-3.27,0.13,0.49,0.61,0.58,0.36,0.35
198701,12.47,-1.81,0.42,0.31,3.19,-3.16,2.2
198702,4.39,3.49,0.43,-1.11,-0.12,-5.91,-2.07
198703,1.64,0.45,0.47,1.81,4.33,1.61,1.68
198704,-2.11,-1.69,0.44,-1.9,3.68,-0.39,0.22
198705,0.11,-0.5,0.38,-0.3,1.99,0.23,-0.74
198706,3.94,-2.12,0.48,0.01,-1.3,1.04,-0.25
198707,3.85,-0.69,0.46,-0.22,2.24,0.68,2.72
198708,3.52,-0.77,0.47,2.45,-2.84,-0.93,-0.86
198709,-2.59,0.54,0.45,-0.4,2.98,0.27,0.77
198710,-23.24,-8.43,0.6,-0.13,-5.8,4.24,-7.86
198711,-7.77,2.72,0.35,-0.87,-0.2,2.95,-1.17
198712,6.81,0.13,0.39,5.8,2.74,-4.43,5.87
198801,4.21,-0.72,0.29,7.91,-1.61,5.01,-7.24
198802,4.75,3.34,0.46,4.36,1.34,-1.71,-1.47
198803,-2.27,6.15,0.44,-0.84,1.24,0.73,0.58
198804,0.56,1,0.46,0.23,0.47,1.67,2.24
198805,-0.29,-2.6,0.51,0.65,-0.05,2.42,0.63
198806,4.79,2.11,0.49,1.87,1.86,-1.24,-2.93
198807,-1.25,-0.25,0.51,3.36,-1.35,2.22,0.66
198808,-3.31,0.04,0.59,-1.93,-1.96,2.15,0.35
198809,3.3,-1.31,0.62,-0.12,-2,-0.75,0.27
198810,1.15,-2.93,0.61,-1,-0.25,2.05,1.33
198811,-2.29,-1.72,0.57,-0.67,-0.8,1.41,0.33
198812,1.49,1.95,0.63,2.29,0.79,-1.69,0.49
198901,6.1,-2.23,0.55,0.97,2.83,0.6,-0.16
198902,-2.25,2.82,0.61,1.07,0.93,1.01,0.99
198903,1.57,0.67,0.67,-0.89,0.55,0.58,3.51
198904,4.33,-0.68,0.67,-0.65,-1.06,-1.42,1.77
198905,3.35,-0.05,0.79,-2.74,-1.72,-0.88,1.52
198906,-1.35,-1.02,0.71,2.3,-0.65,2.25,0.43
198907,7.2,-4.14,0.7,1.43,-1.77,-2.79,5.41
198908,1.44,0.56,0.74,1.85,0.15,0.6,-0.12
198909,-0.76,0.32,0.65,1.17,-2.82,-1.27,3.4
198910,-3.67,-3.23,0.68,-4.32,-3.53,-1.11,1.32
198911,1.03,-1.24,0.69,-1.75,-1.25,-1.09,2.6
198912,1.16,-2.36,0.61,-2.56,-0.82,0.16,2.8
199001,-7.85,-1.24,0.57,1.02,3.48,0.85,-3.27
199002,1.11,0.99,0.57,0.49,1.91,0.64,-0.55
199003,1.83,1.5,0.64,0.17,-0.24,-2.92,1.8
199004,-3.36,-0.46,0.69,-1.82,-1.18,-2.59,2.39
199005,8.42,-2.53,0.68,-0.35,0.99,-3.83,3.03
199006,-1.09,1.4,0.63,-0.22,-1.48,-1.93,2.4
199007,-1.9,-3.12,0.68,-0.68,-1.88,-0.03,6.1
199008,-10.15,-3.57,0.66,-3.65,1.56,1.64,1.88
199009,-6.12,-3.65,0.6,-5.98,0.37,0.64,5.78
199010,-1.92,-5.57,0.68,-2.68,-3.38,0.1,6.71
199011,6.35,0.43,0.57,5.85,-0.63,-3.1,-5.48
199012,2.46,0.81,0.6,-3.01,-2.08,-1.7,0.29
199101,4.69,3.81,0.52,-1.93,6.31,-1.6,-6.45
199102,7.19,3.95,0.48,1.93,1.13,-0.58,-4.61
199103,2.65,3.93,0.44,0.52,-0.45,-1.39,2.87
199104,-0.28,0.48,0.53,1.57,-1.22,1.5,-2.36
199105,3.65,-0.4,0.47,0.08,1.37,-0.52,-0.11
199106,-4.94,0.13,0.42,2.06,-1.76,1.15,0.47
199107,4.24,-0.92,0.49,2.13,0.72,-1.32,4.32
199108,2.32,1.58,0.46,-2.92,-0.5,-0.78,1.57
199109,-1.59,1.64,0.46,-0.76,-0.73,-1.08,1.79
199110,1.29,0.81,0.42,-1.18,2.35,-0.47,3.06
199111,-4.19,-0.5,0.39,-0.4,-2.75,-1.89,1.14
199112,10.84,-2.24,0.38,1.06,-0.9,-4.17,8.19
199201,-0.59,8.46,0.34,5.22,9.44,4.71,-2.49
199202,1.09,0.87,0.28,-2.9,5.27,6.47,-0.53
199203,-2.66,-1.04,0.34,-1.09,1.42,3.56,-0.29
199204,1.07,-6.06,0.32,-3.38,0.78,4.34,-2.58
199205,0.3,0.41,0.28,-0.16,-0.5,1.19,0.21
199206,-2.34,-3.07,0.32,0.91,1.21,3.24,-0.58
199207,3.77,-0.47,0.31,2.12,-1.36,-0.56,1.56
199208,-2.38,-0.13,0.26,-1.56,-4.11,-1.1,-0.51
199209,1.19,0.54,0.26,-1.12,0.09,-0.26,1.49
199210,1.02,2.09,0.23,-0.2,-0.9,-1.98,2.48
199211,4.13,3.76,0.23,-1.04,0.32,-1.35,-0.15
199212,1.53,1.69,0.28,1.23,0.85,2.62,4.31
199301,0.93,1.89,0.23,-0.45,5.55,5.94,4.83
199302,0.12,-3.48,0.22,-1.49,4.21,6.42,3.14
199303,2.3,0.24,0.25,-0.95,1.88,1.18,3.73
199304,-3.05,-0.67,0.24,-1.71,2.37,2.49,0.38
199305,2.89,2.04,0.22,1.49,1.32,-3.42,0.22
199306,0.31,-0.29,0.25,2.24,1.72,2.75,4.55
199307,-0.34,0.96,0.24,-2.69,1.01,2.85,3.16
199308,3.71,0.13,0.25,1.28,1.11,0.13,2.65
199309,-0.12,3.04,0.26,0.69,0.62,-0.31,3.37
199310,1.41,2.03,0.22,1.9,1.67,-2.76,-2.72
199311,-1.89,-1.25,0.25,-1.39,1.53,-0.74,-4.74
199312,1.65,1.23,0.23,1.07,0.4,0.32,2.36
199401,2.87,0.34,0.25,1.69,3.83,1.15,0
199402,-2.55,2.8,0.21,0.36,-0.12,-1.54,-0.3
199403,-4.78,-1.08,0.27,0.09,0.62,1.6,-1.27
199404,0.68,-0.93,0.27,-0.38,0.19,1.66,0.39
199405,0.58,-2.15,0.31,0.06,1.65,0.67,-2.19
199406,-3.03,-0.41,0.31,0.15,0.47,1.67,-0.87
199407,2.82,-1.81,0.28,1.44,0.51,0.58,0.18
199408,4.01,1.45,0.37,1.44,2.28,-2.51,1.55
199409,-2.31,3.14,0.37,-0.77,1.67,-1.89,1.31
199410,1.34,-2.24,0.38,-0.22,0.67,-1.62,1.49
199411,-4.04,0.25,0.37,-2.01,-1.61,-0.7,-0.18
199412,0.86,0.22,0.44,0.81,0.21,-0.13,3.48
199501,1.8,-3.5,0.42,4,-0.55,2.57,-1.81
199502,3.63,-0.66,0.4,2.39,-1.02,1.08,-0.39
199503,2.19,-0.16,0.46,-0.04,1.23,-2.15,0.43
199504,2.11,-0.49,0.44,-0.52,0.37,1.71,1.79
199505,2.9,-2.55,0.54,-0.46,-1.14,2.29,-0.42
199506,2.72,3.18,0.47,1.23,-1.76,-2.54,2.93
199507,3.72,2.07,0.45,-2.12,-0.86,-1.62,2.56
199508,0.55,1.35,0.47,1.28,-1.13,2.79,0.16
199509,3.35,-2.2,0.43,-0.89,-0.97,-0.04,2.9
199510,-1.52,-3.78,0.47,-1.02,0.61,-0.5,4.16
199511,3.96,-1.09,0.42,0.6,0.75,0.51,-0.68
199512,1.03,0.7,0.49,-0.98,3.99,0.22,2.52
199601,2.26,-2.73,0.43,1,1.27,0.38,0.54
199602,1.33,1.79,0.39,2.17,-1.29,-1.08,0.59
199603,0.73,1.49,0.39,-0.11,-0.25,0.35,-1.84
199604,2.06,5.23,0.46,0.69,-0.72,-4.02,-0.88
199605,2.36,3.17,0.42,-1.07,1.24,-0.83,1.54
199606,-1.14,-4.01,0.4,-0.18,-0.15,2.35,0.98
199607,-5.97,-4.31,0.45,-2.44,-0.01,5.14,-0.16
199608,2.77,2.44,0.41,2.55,-1.59,-0.74,0.01
199609,5.01,-0.98,0.44,0.54,-2.13,-2.72,2.7
199610,0.86,-4.44,0.42,-1.12,0.09,4.94,3.79
199611,6.25,-4.02,0.41,0.21,-2.46,1.39,-2.37
199612,-1.7,3.16,0.46,0.64,-0.57,1.31,0.63
199701,4.99,-1.95,0.45,2.62,-1.55,-1.42,1.96
199702,-0.49,-3.22,0.39,1.25,0.89,5.67,-2.13
199703,-5.03,-0.36,0.43,0.88,2.09,3.39,0.9
199704,4.04,-5.77,0.43,2.43,-3.86,0.07,4.84
199705,6.74,5.19,0.49,2.87,-2.15,-4.13,-5.17
199706,4.1,1.22,0.37,0.73,0.18,1.58,2.6
199707,7.33,-2.74,0.43,3.87,-1.16,0.26,3.77
199708,-4.15,7.28,0.41,-0.16,3.18,1.18,-2.56
199709,5.35,2.53,0.44,1.7,-0.41,0.37,1.47
199710,-3.8,-0.73,0.42,-0.96,0.43,2.27,-0.57
199711,2.98,-5.12,0.39,-2.01,1.08,1.2,0.33
199712,1.32,-2.48,0.48,-2.91,0.1,3.84,3.98
199801,0.15,-1.07,0.43,5.02,-0.91,-1.63,0.14
199802,7.04,0.32,0.39,1.92,-1.29,-0.85,-1.12
199803,4.76,-1.14,0.39,1.84,2.22,1.39,2.15
199804,0.73,0.07,0.43,1.7,-0.87,0.94,0.74
199805,-3.07,-3.38,0.4,0.74,1.42,3.44,1.82
199806,3.18,-3.21,0.41,-1.44,-0.76,-1.96,7.28
199807,-2.46,-4.91,0.4,-2.02,0.27,-1.78,3.69
199808,-16.08,-5.69,0.43,-2.66,4.63,3.53,1.84
199809,6.15,0.09,0.46,2.75,0.33,-3.42,-0.81
199810,7.13,-3.12,0.32,9.85,-4.25,-2.23,-5.37
199811,6.1,1.23,0.31,1.32,-0.44,-3.25,1.2
199812,6.16,-0.5,0.38,-1.63,-0.97,-4.19,8.92
199901,3.5,0.75,0.35,-2.32,1.04,-4.6,3.03
199902,-4.08,-6.08,0.35,2.46,0.38,1.92,-0.1
199903,3.45,-3.8,0.43,0.21,-1.21,-2.74,-1.27
199904,4.33,3.91,0.37,2.37,5.46,2.46,-9.04
199905,-2.46,3.34,0.34,1.21,3.41,2.35,-5.19
199906,4.77,3.1,0.4,1.7,0.59,-3.19,5.06
199907,-3.49,2.6,0.38,1.54,1.87,-0.44,1.66
199908,-1.38,-0.94,0.39,-3.39,-1.82,-1.87,3.12
199909,-2.79,3.41,0.39,-0.61,0.39,-3.49,6.47
199910,6.12,-6.64,0.39,-1.49,-2.86,-3.37,5.5
199911,3.37,7.21,0.36,0.43,4.84,-6.12,5.64
199912,7.72,7.03,0.44,-14.01,5.5,-8.33,13.22
200001,-4.74,5.77,0.41,2.61,1.67,-1.88,1.92
200002,2.45,21.36,0.43,-13.47,7.33,-9.59,18.2
200003,5.2,-17.2,0.47,9.89,-5.15,8.13,-6.83
200004,-6.4,-6.68,0.46,-2.18,0.28,7.26,-8.39
200005,-4.42,-6.05,0.5,-8.89,-1.67,4.75,-8.98
200006,4.64,12.84,0.4,12.39,2.4,-8.42,16.6
200007,-2.51,-3.07,0.48,6.51,-3.06,8.31,-0.05
200008,7.03,-0.61,0.5,0.54,1.21,-1.39,5.73
200009,-5.45,-1.82,0.51,2.64,-2.6,7.17,1.97
200010,-2.76,-3.88,0.56,-4.8,-0.93,5.71,-4.48
200011,-10.72,-3.41,0.51,-14.63,0.48,12.3,-2.32
200012,1.19,0.73,0.5,-6.88,2.75,7.61,6.74
200101,3.13,6.68,0.54,16.21,-2.57,-5.07,-25.3
200102,-10.05,-0.78,0.38,12.19,10.99,12.47,12.57
200103,-7.26,0.25,0.42,-7.54,3.71,6.42,8.55
200104,7.94,0.55,0.39,9.87,-3.75,-4.67,-7.9
200105,0.72,2.5,0.32,3.8,3.76,3.36,2.21
200106,-1.94,6.24,0.28,0.6,1.81,-1.12,0.38
200107,-2.13,-4.19,0.3,1.38,2.82,5.21,5.58
200108,-6.46,2.48,0.31,-3.9,5.89,2.31,5.53
200109,-9.25,-6.23,0.28,-4.96,0.01,1.45,11.48
200110,2.46,7.48,0.22,14.84,-1.53,-7.65,-8.47
200111,7.54,-0.47,0.17,-3.13,0.4,2.21,-8.69
200112,1.6,4.74,0.15,1.68,1.11,0.84,0.07
200201,-1.44,1.19,0.14,2.13,3.3,3.44,3.75
200202,-2.29,-1.01,0.13,0.05,4.07,2.16,6.82
200203,4.24,4.21,0.13,2.75,2.08,1.06,-1.64
200204,-5.2,5.96,0.15,2.11,5.96,3.88,7.63
200205,-1.38,-3.21,0.14,-2.68,2.35,1.53,3.16
200206,-7.21,4.29,0.13,-3.58,2.09,-0.05,6.03
200207,-8.18,-5.28,0.15,1.28,-3.04,-3.85,3.77
200208,0.5,-2.86,0.14,1.52,-0.54,3.28,1.9
200209,-10.35,2.41,0.14,-1.77,-0.68,1.45,9.13
200210,7.84,-3.42,0.14,7.39,-0.2,-3.94,-5.58
200211,5.96,3.19,0.12,0.18,4.22,-1.26,-16.33
200212,-5.76,0.08,0.11,10.74,2.05,2.14,9.64
200301,-2.57,1.32,0.1,0.28,0.31,-0.81,1.55
200302,-1.88,-0.46,0.09,-0.69,-1.85,-1.37,1.17
200303,1.09,1.02,0.1,0.03,-2.75,-1.94,1.48
200304,8.22,0.62,0.1,3,-0.82,1.15,-9.33
200305,6.05,4.67,0.09,-1.52,3.53,0.39,-10.7
200306,1.42,1.74,0.1,-0.11,1.2,0.11,-1
200307,2.35,5.06,0.07,2.49,0.8,-1.24,-0.24
200308,2.34,2.59,0.07,-1.5,-0.47,1.53,-0.62
200309,-1.24,0.79,0.08,4.62,1.1,0.17,-0.19
200310,6.08,2.69,0.07,2.17,2,1.97,3.99
200311,1.35,2.08,0.07,-1.57,1.92,1.78,1.46
200312,4.29,-2.67,0.08,1.84,1.92,1.6,-5.57
200401,2.15,2.55,0.07,2.32,2.01,2.49,2.58
200402,1.4,-1.57,0.06,1.55,-2.93,0.88,-1.14
200403,-1.32,1.72,0.09,-2.16,-1.77,0.27,0.17
200404,-1.83,-1.7,0.08,-0.2,-2.23,-3.07,-5.38
200405,1.17,-0.2,0.06,2.28,0.88,-0.25,1.5
200406,1.86,2.26,0.08,0.32,1.76,1.18,2.05
200407,-4.06,-3.82,0.1,-1.41,-2.53,3.24,-2.29
200408,0.08,-1.48,0.11,-2.39,-2.91,0.97,-1.59
200409,1.6,3.01,0.11,3.1,-1.34,0,5.49
200410,1.43,0.15,0.11,0.25,0.93,-0.22,-1.38
200411,4.54,3.74,0.15,1.53,-1.12,1.41,3.16
200412,3.43,-0.03,0.16,0.94,0.88,-0.22,-2.87
200501,-2.76,-1.72,0.16,1.46,-2.97,2.06,3.05
200502,1.89,-0.57,0.16,-2.45,-1.44,1.54,3.37
200503,-1.97,-1.4,0.21,0.09,-0.69,2.04,0.41
200504,-2.61,-3.94,0.21,-1.84,-1.44,0.07,-0.69
200505,3.65,2.88,0.24,3.17,0.6,-0.64,0.45
200506,0.57,2.58,0.23,0.03,-1.55,2.83,2.05
200507,3.92,2.91,0.24,-0.17,0.88,-0.79,0.06
200508,-1.22,-0.97,0.3,-1.37,0.41,1.32,2.08
200509,0.49,-0.65,0.29,-3.69,-0.07,0.71,3.43
200510,-2.02,-1.25,0.27,1.61,-0.93,0.42,-1.39
200511,3.61,1,0.31,0.1,0.27,-1.16,0.35
200512,-0.25,-0.42,0.32,2.04,-0.89,0.2,0.77
200601,3.04,5.4,0.35,-1,1.2,1.08,2.53
200602,-0.3,-0.38,0.34,3.39,1.3,-0.34,-1.84
200603,1.46,3.44,0.37,-0.08,0.51,0.6,1.26
200604,0.73,-1.42,0.36,-0.33,-0.37,2.34,0.64
200605,-3.57,-2.96,0.43,-0.04,-0.14,2.41,-3.7
200606,-0.35,-0.39,0.4,-0.57,-1.1,0.85,1.54
200607,-0.78,-3.98,0.4,0.22,1.43,2.6,-2.12
200608,2.03,1.03,0.42,1.77,2.99,-2.06,-3.38
200609,1.84,-1.36,0.41,0.76,1.78,0.08,-0.96
200610,3.23,1.75,0.41,-0.26,-0.51,-0.31,-0.2
200611,1.71,0.7,0.42,-0.91,-1.91,0.14,-1.03
200612,0.87,-1.15,0.4,2.41,1.93,2.73,0.79
200701,1.4,0.12,0.44,1.09,-0.72,-0.68,0.24
200702,-1.96,1.19,0.38,0.18,-0.68,-0.14,-1.35
200703,0.68,0.16,0.43,-2.05,-1.14,-0.97,2.56
200704,3.49,-2.16,0.44,-0.31,0.31,-1.45,-0.24
200705,3.24,0.24,0.41,-0.99,-2.48,-0.65,-0.34
200706,-1.96,0.75,0.4,-0.65,-0.16,-1.05,0.51
200707,-3.73,-2.61,0.4,-3.59,-2.06,-3.71,2.94
200708,0.92,-0.13,0.42,-2.61,-0.11,-1.86,0.1
200709,3.22,-2.23,0.32,0.36,-2.81,-2.21,4.63
200710,1.8,0.08,0.32,-3.96,-1.57,-2.98,5.02
200711,-4.83,-2.93,0.34,-1.69,0.64,-0.94,0.99
200712,-0.87,0.13,0.27,-2.05,-1.89,-0.55,6.63
200801,-6.36,-1.03,0.21,6.93,1.79,3.97,-7.75
200802,-3.09,-0.43,0.13,5.05,-2.09,-0.84,6.1
200803,-0.93,0.71,0.17,-0.37,2.85,0.3,4.27
200804,4.6,-1.72,0.18,3.13,-4.53,-0.94,-0.31
200805,1.86,2.96,0.18,-2.28,-4.45,-1.43,3.31
200806,-8.44,1.23,0.17,-7.09,-3.17,-2.71,12.75
200807,-0.77,2.6,0.15,7.94,7.59,5.42,-5.13
200808,1.53,3.6,0.13,-0.51,1.39,1.59,-4.02
200809,-9.24,-1.23,0.15,-3.75,5.78,5.91,0.28
200810,-17.23,-2.6,0.08,-9.37,2.23,-2.3,7.85
200811,-7.86,-2.85,0.03,-9.99,-2.54,-6.31,7.17
200812,1.74,3.46,0,5.46,0.11,0.14,-5.09
200901,-8.12,0.07,0,0.18,-6.97,-11.29,-2.18
200902,-10.1,0.05,0.01,-7.01,1.16,-6.95,4.41
200903,8.95,0.03,0.02,3.04,3.57,3.47,-11.87
200904,10.18,5.39,0.01,-6.52,-0.33,5.36,-34.3
200905,5.21,-2.52,0,-2.71,-1.48,0.28,-12.49
200906,0.43,2.63,0.01,4.8,1.31,-2.73,5.48
200907,7.72,1.87,0.01,4.43,5.05,4.83,-5.55
200908,3.33,-1.08,0.01,-2.08,5.62,7.63,-9.07
200909,4.08,2.43,0.01,1.12,-1.68,1.04,-4.79
200910,-2.59,-4.35,0,2.14,-4.9,-4.21,2.61
200911,5.56,-2.4,0,0.45,1.39,-0.34,0.3
200912,2.75,6.05,0.01,1.47,0.71,-0.16,3.01
201001,-3.36,0.4,0,3.64,1.63,0.43,-5.4
201002,3.4,1.19,0,1.63,2.62,3.22,3.74
201003,6.31,1.48,0.01,0.8,4.41,2.21,3.76
201004,2,4.87,0.01,-1.86,4.81,2.89,3.16
201005,-7.89,0.09,0.01,0.52,-3.07,-2.44,-0.25
201006,-5.57,-1.81,0.01,-4.87,-5.47,-4.7,-2.76
201007,6.93,0.2,0.01,4.11,0.76,-0.31,1.88
201008,-4.77,-3,0.01,1,-3.85,-1.9,-0.06
201009,9.54,3.96,0.01,3.29,1.93,-3.16,1.41
201010,3.88,1.13,0.01,-1.34,-2.27,-2.42,1.58
201011,0.6,3.76,0.01,-0.95,-0.93,-0.96,2.66
201012,6.82,0.73,0.01,2.27,4.71,3.69,-3.03
201101,1.99,-2.5,0.01,-0.09,0.88,0.82,-0.29
201102,3.49,1.53,0.01,-0.69,1.14,1.27,1.99
201103,0.46,2.54,0.01,-0.86,-2,-1.83,3.4
201104,2.9,-0.38,0,-1.08,-2.21,-2.43,0.04
201105,-1.27,-0.59,0,-1.22,-2.43,-2.12,-0.62
201106,-1.75,-0.12,0,-0.93,-1.96,-0.42,1.78
201107,-2.35,-1.27,0,-1.07,-2.49,-0.89,0.18
201108,-5.99,-3.05,0.01,-1.35,-6.31,-2.36,-0.28
201109,-7.59,-3.31,0,-9.57,-5.15,-1.73,-2.42
201110,11.35,3.28,0,12.21,3.65,0.11,-1.43
201111,-0.28,-0.16,0,1.25,-3.48,-0.45,3.84
201112,0.74,-0.59,0,-1.54,2.09,1.63,1.81
201201,5.05,2.04,0,6.52,1.58,-0.97,-7.91
201202,4.42,-1.85,0,-0.34,1.73,0.43,-0.29
201203,3.11,-0.64,0,-0.8,2.73,1.14,1.3
201204,-0.85,-0.42,0,-0.46,-1.87,-0.78,3.75
201205,-6.19,0.07,0.01,-3.34,-1.75,-1.07,6.49
201206,3.89,0.67,0,-0.79,1.66,0.62,-1.06
201207,0.79,-2.75,0,1.47,-1.96,-0.02,3.04
201208,2.55,0.47,0.01,3.03,1.87,1.3,-2.37
201209,2.73,0.51,0.01,-0.19,1.79,1.6,-1.14
201210,-1.76,-1.15,0.01,0.25,1.06,3.59,0.14
201211,0.78,0.63,0.01,0.91,-0.68,-0.84,0.49
201212,1.18,1.48,0.01,0.18,3.76,3.51,-2.86
201301,5.57,0.34,0,-1.42,3.34,0.96,-1.79
201302,1.29,-0.27,0,-1.19,0.04,0.11,1.29
201303,4.03,0.81,0,-1.86,1.29,-0.19,1.92
201304,1.55,-2.37,0,-1.19,-0.36,0.45,0.22
201305,2.8,1.71,0,1.64,3.34,2.63,-2.02
201306,-1.2,1.33,0,0.5,-0.64,0.03,0.52
201307,5.65,1.87,0,1.95,1.66,0.57,1.76
201308,-2.71,0.27,0,-0.82,-1.35,-2.69,0.02
201309,3.77,2.87,0,-0.46,0.02,-1.22,3.06
201310,4.18,-1.52,0,-0.13,0.3,1.25,0.08
201311,3.13,1.29,0,0.67,0.35,0.32,0.44
201312,2.81,-0.47,0,1.35,-1.05,-0.02,0.02
201401,-3.32,0.89,0,0.33,1.16,-2.07,1.71
201402,4.65,0.34,0,-0.2,-1.3,-0.31,2.07
201403,0.43,-1.81,0,2.66,2.91,4.93,-3.29
201404,-0.19,-4.18,0,-2.1,0.13,1.17,-3.89
201405,2.06,-1.88,0,0.47,-0.7,-0.13,0.87
201406,2.61,3.09,0,-0.52,0.4,-0.7,0.69
201407,-2.04,-4.3,0,2.66,0.28,0.04,-0.12
201408,4.24,0.4,0,1.61,-1.35,-0.45,0.82
201409,-1.97,-3.7,0,-0.19,-1.09,-1.35,0.5
201410,2.52,4.2,0,-2.6,-3.22,-1.8,-0.06
201411,2.55,-2.06,0,-3.29,-1.57,-3.1,0.68
201412,-0.06,2.49,0,-1.01,0.46,2.27,1.12
201501,-3.11,-0.56,0,-0.42,-3.34,-3.59,3.84
201502,6.13,0.63,0,3.54,-2.04,-1.86,-2.82
201503,-1.12,3.04,0,-0.12,-2.52,-0.38,2.74
201504,0.59,-3.06,0,4.12,1.2,1.82,-7.27
201505,1.36,0.94,0,2.4,-0.81,-1.15,5.82
201506,-1.53,2.91,0,-3.59,-0.98,-0.79,3.01
201507,1.54,-4.17,0,-4.94,-1.6,-4.13,9.98
201508,-6.04,0.33,0,1.52,1.25,2.77,-2.09
201509,-3.07,-2.62,0,-3.19,0.07,0.56,5.22
201510,7.75,-1.89,0,0.91,-0.68,-0.46,-3.28
201511,0.57,3.59,0,0.11,-0.07,-0.42,2.28
201512,-2.17,-2.85,0.01,1.13,-2.45,-2.61,3.36
201601,-5.77,-3.42,0.01,-2.85,-1.1,2.09,1.44
201602,-0.07,0.74,0.02,-0.92,0.67,-0.57,-4.38
201603,6.96,0.82,0.02,1.53,4.11,1.19,-5.01
201604,0.91,0.76,0.01,0.43,4.94,3.28,-6.02
201605,1.78,-0.17,0.01,0.12,-2.22,-1.66,1.43
201606,-0.05,0.61,0.02,1.46,1.4,-1.48,4.15
201607,3.95,2.49,0.02,4.5,-0.22,-1.32,-3.34
201608,0.49,1.16,0.02,-0.34,0.69,3.18,-3.48
201609,0.25,2.12,0.02,0.03,1.76,-1.24,0.19
201610,-2.02,-4.4,0.02,2.55,-0.97,4.09,0.59
201611,4.86,5.71,0.01,0.3,2.18,8.21,-4.63
201612,1.82,0.1,0.03,-1.18,-2.72,3.53,-0.25
201701,1.94,-1.18,0.04,3.34,-1.27,-2.75,-0.93
201702,3.57,-2.05,0.04,-1.05,-3.33,-1.67,-1.65
201703,0.17,1.14,0.03,-0.84,-1.23,-3.35,-1.03
201704,1.09,0.73,0.05,-2.12,-3.64,-2.13,0.49
201705,1.06,-2.57,0.06,-3.36,-2.65,-3.78,1.48
201706,0.78,2.25,0.06,4.09,-0.65,1.48,-0.11
201707,1.87,-1.5,0.07,2.02,0.61,-0.31,1.69
201708,0.16,-1.67,0.09,-0.35,-1.98,-2.1,3.3
201709,2.51,4.47,0.09,2.79,0.58,3.12,-1.33
201710,2.25,-1.94,0.09,-0.74,-1.82,0.19,4.27
201711,3.12,-0.54,0.08,0.44,0.77,-0.03,-0.92
201712,1.06,-1.32,0.09,-0.74,2.07,0.06,-1.54
201801,5.57,-3.12,0.12,0.66,-1.91,-1.28,4.05
201802,-3.65,0.26,0.11,-1.03,-3.38,-1.04,3.55
201803,-2.35,4.06,0.11,0.31,1.95,-0.2,-1.13
201804,0.29,1.13,0.14,-0.81,2.9,0.54,0.37
201805,2.65,5.26,0.14,-0.12,-0.23,-3.22,3.87
201806,0.48,1.14,0.14,0.65,0.95,-2.33,-2.36
201807,3.19,-2.22,0.16,1.75,-1.47,0.45,-1.42
201808,3.44,1.15,0.16,1.53,-2.78,-4,5.28
201809,0.06,-2.29,0.15,0.09,1.85,-1.71,0.04
201810,-7.68,-4.74,0.19,1.25,-1.63,3.4,-2.07
201811,1.69,-0.68,0.18,1.23,-4.02,0.28,-1.37
201812,-9.57,-2.37,0.2,-1.6,-2.83,-1.88,2.11
201901,8.4,2.88,0.21,8.11,2.24,-0.45,-8.66
201902,3.4,2.06,0.18,-0.17,-0.65,-2.71,0.85
201903,1.1,-3.05,0.19,0.07,-0.85,-4.12,2.19
201904,3.97,-1.72,0.21,0.85,-3,2.16,-2.97
201905,-6.94,-1.31,0.21,0.79,-4.27,-2.37,7.58
201906,6.93,0.28,0.18,3.81,-0.34,-0.7,-2.25
201907,1.19,-1.93,0.19,-0.2,-3.14,0.47,2.88
201908,-2.58,-2.39,0.16,-2.38,-4.93,-4.79,6.91
201909,1.43,-0.97,0.18,5.07,2.71,6.77,-6.83
201910,2.06,0.29,0.16,-0.4,-3.31,-1.9,0.15
201911,3.88,0.78,0.12,-0.16,0.13,-1.99,-2.64
201912,2.77,0.73,0.14,0.66,1.28,1.78,-1.87
202001,-0.11,-3.13,0.13,2.56,-5.18,-6.25,5.97
202002,-8.13,1.07,0.12,-2.44,-1.63,-3.8,-0.35
202003,-13.39,-4.79,0.13,-11.63,-8.53,-13.88,7.96
202004,13.65,2.45,0,15.77,3.13,-1.34,-5.26
202005,5.58,2.49,0.01,-3.29,-2.44,-4.85,0.41
202006,2.46,2.69,0.01,-1.92,1.83,-2.23,-0.73
202007,5.77,-2.3,0.01,-3.25,-0.2,-1.44,7.59
202008,7.63,-0.28,0.01,-2.29,1.89,-2.88,0.44
202009,-3.63,-0.03,0.01,0.42,-3,-2.65,3.14
202010,-2.1,4.27,0.01,0.62,-0.95,4.31,-3.2
202011,12.47,5.72,0.01,3.08,6.16,2.15,-12.47
202012,4.63,4.79,0.01,-3.11,-0.72,-1.34,-2.38
202101,-0.03,7.5,0.01,0.68,9.3,2.85,4.53
202102,2.78,2.07,0,4.49,4.2,7.1,-7.93
202103,3.08,-2.28,0,-0.89,3.22,7.27,-6.16
202104,4.93,-3.2,0,1.32,-1.83,-0.95,1.22
202105,0.29,-0.27,0,1.37,5.36,7.13,0.9
202106,2.75,1.6,0,3.1,-1.78,-7.75,2.16
202107,1.27,-3.94,0,-0.72,-7.4,-1.81,-2.31
202108,2.91,-0.46,0,-1.51,-1,-0.1,2.49
202109,-4.37,0.67,0,0.74,4.78,5.1,1.5
202110,6.65,-2.37,0,-1.61,-3.15,-0.45,3.24
202111,-1.55,-1.32,0,-2.7,-4.12,-0.41,0.86
202112,3.1,-1.64,0.01,-0.16,-0.14,3.22,-2.74
202201,-6.25,-5.96,0,-4.92,11.91,12.8,-2.62
202202,-2.29,2.19,0,-3.32,5.23,3.1,1.77
202203,3.06,-1.66,0.01,-0.03,1.41,-1.76,2.97
202204,-9.46,-1.38,0.01,-1.99,7.01,6.17,4.87
202205,-0.34,-1.96,0.03,-2.07,5.79,8.59,2.46
202206,-8.44,2.18,0.06,1.64,-2.02,-6.1,0.73
202207,9.57,2.8,0.08,6.37,-6.45,-4.03,-3.94
202208,-3.77,1.4,0.19,1.65,4.37,0.29,2.1
202209,-9.35,-0.82,0.19,-1.69,-1.26,0.02,3.51
202210,7.83,0.07,0.23,0.35,9.08,8.06,3.96
202211,4.61,-3.51,0.29,0.55,-0.67,1.41,-1.98
202212,-6.41,-0.69,0.33,-3.39,2.11,1.34,4.53
202301,6.64,5.01,0.35,9.47,-1.21,-4,-16.02
202302,-2.59,1.17,0.34,-1.34,-2.19,-0.83,0.13
202303,2.51,-5.51,0.36,-2.48,-5.75,-8.87,-2.45
202304,0.61,-3.36,0.35,-0.76,-0.55,-0.05,1.62
202305,0.35,1.6,0.36,4.04,-3.96,-7.74,-0.65
202306,6.47,1.55,0.4,0.83,0.14,-0.2,-2.35
202307,3.21,2.05,0.45,-1.84,3.19,4.11,-4.05
202308,-2.39,-3.2,0.45,2.25,-2.49,-1.08,3.77
202309,-5.24,-2.49,0.43,-2.68,-0.05,1.45,0.24
202310,-3.18,-3.88,0.47,-2.57,-2.02,0.19,1.68
202311,8.83,-0.03,0.44,3.28,0.98,1.66,2.76
202312,4.87,6.36,0.43,-4.09,0.21,4.92,-5.48
202401,0.7,-5.02,0.47,2.21,0.82,-2.47,5.08
202402,5.07,-0.22,0.42,-1.59,0.61,-3.52,4.98
202403,2.83,-2.51,0.43,0.17,0.13,4.22,-0.4
202404,-4.67,-2.39,0.47,-3.81,-2.25,-0.52,-0.42
202405,4.34,0.78,0.44,-1.71,-2.28,-1.67,-0.02
202406,2.77,-3.06,0.41,-1.95,-2.4,-3.31,0.9
202407,1.24,6.8,0.45,3.47,1.74,5.74,-2.42
202408,1.61,-3.55,0.48,-0.17,0.98,-1.13,4.79
202409,1.74,-0.17,0.4,0.56,-0.1,-2.59,-0.6
202410,-0.97,-1.01,0.39,-1.38,2.21,0.89,2.87
202411,6.51,4.63,0.4,-4.58,0.57,-0.05,0.9
202412,-3.17,-2.73,0.37,0.33,-1.97,-2.95,0.05
